Model,Accuracy,Precision,Recall,F1 Score,ROC-AUC,Avg Precision
Logistic Regression,0.86421,0.8042119264021281,0.8842900670322974,0.8423521216694724,0.942849895133681,0.9427096488532859
Random Forest,0.9465,0.9287551378506358,0.9418403412553321,0.9352519726969066,0.9843533179940993,0.9835682375336003
Gradient Boosting,0.96739,0.9787282592160641,0.9409628275441804,0.9594740701156996,0.9932976066093551,0.9928293816441172
