Feature,Importance
emp_length,0.7415259429617594
risk_score,0.20799172521087422
dti,0.04239074342459533
loan_amnt,0.008091588402771062
